-- phpMyAdmin SQL Dump
-- version 2.9.2
-- http://www.phpmyadmin.net
-- 
-- Host: localhost
-- Generation Time: Dec 29, 2015 at 05:13 PM
-- Server version: 5.0.27
-- PHP Version: 5.2.1
-- 
-- Database: `aocuoi`
-- 

-- --------------------------------------------------------

-- 
-- Table structure for table `album`
-- 

CREATE TABLE `album` (
  `idalbum` int(11) NOT NULL auto_increment,
  `tenalbum` varchar(50) collate utf8_unicode_ci NOT NULL,
  `anhminhhoa` varchar(50) collate utf8_unicode_ci NOT NULL,
  `noidung` varchar(400) collate utf8_unicode_ci NOT NULL,
  `idtheloai` int(11) NOT NULL,
  PRIMARY KEY  (`idalbum`)
) ENGINE=MyISAM  DEFAULT CHARSET=utf8 COLLATE=utf8_unicode_ci AUTO_INCREMENT=80 ;

-- 
-- Dumping data for table `album`
-- 

INSERT INTO `album` VALUES (1, 'Đuôi cá', 'images/uploads/20151223051858_duoi-ca-5.jpg', '', 0);
INSERT INTO `album` VALUES (2, 'Áo cưới', 'images/uploads/20151223051540_giac-mo-hong-3.jpg', '', 0);
INSERT INTO `album` VALUES (3, 'Đep đôi', 'images/uploads/20151223063108_t142441.jpg', '', 0);
INSERT INTO `album` VALUES (4, 'tttt', 'images/uploads/_trang-phuc.jpg', 'sdsdddddddddddddđ', 9);
INSERT INTO `album` VALUES (78, 'Trọn gói', 'images/uploads/20151223052045_cuoi-tron-goi-1.jpg', '', 0);
INSERT INTO `album` VALUES (76, 'Hoa Hồng', 'images/uploads/20151223051813_ao-cuoi-doa-hong.jpg', '', 0);

-- --------------------------------------------------------

-- 
-- Table structure for table `banner`
-- 

CREATE TABLE `banner` (
  `idbanner` int(11) NOT NULL auto_increment,
  `ten` varchar(50) collate utf8_unicode_ci NOT NULL,
  `anhminhhoa` varchar(50) collate utf8_unicode_ci NOT NULL,
  `trangthai` int(11) NOT NULL,
  PRIMARY KEY  (`idbanner`)
) ENGINE=MyISAM  DEFAULT CHARSET=utf8 COLLATE=utf8_unicode_ci AUTO_INCREMENT=7 ;

-- 
-- Dumping data for table `banner`
-- 

INSERT INTO `banner` VALUES (1, 'Gioi ', 'images/uploads/banner.jpg', 1);
INSERT INTO `banner` VALUES (2, 'Đẹp', 'images/uploads/20151223060651_8copy.jpg', 1);
INSERT INTO `banner` VALUES (3, 'Cưới', 'images/uploads/20151223060601_13-970.jpg', 1);
INSERT INTO `banner` VALUES (4, 'Ngoại cảnh', 'images/uploads/20151223060759_18-146.jpg', 1);

-- --------------------------------------------------------

-- 
-- Table structure for table `image`
-- 

CREATE TABLE `image` (
  `idimage` int(11) NOT NULL auto_increment,
  `ten` varchar(50) character set utf8 collate utf8_unicode_ci NOT NULL,
  `anhminhhoa` varchar(50) NOT NULL,
  `idalbum` int(11) NOT NULL,
  PRIMARY KEY  (`idimage`,`idalbum`)
) ENGINE=MyISAM  DEFAULT CHARSET=utf8 AUTO_INCREMENT=15 ;

-- 
-- Dumping data for table `image`
-- 

INSERT INTO `image` VALUES (1, 'Váy Cưới Màu Đỏ', 'images/uploads/cuoivip.jpg', 3);
INSERT INTO `image` VALUES (2, 'Áo Cưới Bigsize', 'images/uploads/bigsize3.jpg', 2);
INSERT INTO `image` VALUES (4, 'Cuoi', 'images/uploads/_20-mau-ao-cuoi-dep-long-lay-3-544.', 1);
INSERT INTO `image` VALUES (6, 'tttt', 'images/uploads/_anh.jpg', 1);
INSERT INTO `image` VALUES (7, 'vvvvvvv', 'images/uploads/_giac-mo-hong-3.jpg', 1);
INSERT INTO `image` VALUES (8, 'ttt', 'images/uploads/20151204102122_a.jpg', 1);
INSERT INTO `image` VALUES (9, 'ds', 'images/uploads/20151223051258__20-mau-ao-cuoi.jpg', 2);
INSERT INTO `image` VALUES (10, 'Anh', 'images/uploads/20151223111658_t142441.jpg', 2);
INSERT INTO `image` VALUES (11, 'Anh Cuoi', 'images/uploads/aoduoica.jpg', 2);
INSERT INTO `image` VALUES (12, 'TT', 'images/uploads/aophu', 2);
INSERT INTO `image` VALUES (13, 'Tav', 'images/uploads/_trang-phuc.jpg', 2);
INSERT INTO `image` VALUES (14, 'tuy', 'images/uploads/20151223051813_ao-cuoi-doa-hong.jpg', 3);

-- --------------------------------------------------------

-- 
-- Table structure for table `loaitin`
-- 

CREATE TABLE `loaitin` (
  `idloaitin` int(11) NOT NULL auto_increment,
  `tenloaitin` varchar(50) NOT NULL,
  `thutu` int(11) NOT NULL,
  `trangthai` int(11) NOT NULL,
  PRIMARY KEY  (`idloaitin`)
) ENGINE=MyISAM  DEFAULT CHARSET=utf8 AUTO_INCREMENT=12 ;

-- 
-- Dumping data for table `loaitin`
-- 

INSERT INTO `loaitin` VALUES (1, 'GIỚI THIỆU', 1, 1);
INSERT INTO `loaitin` VALUES (2, 'ẢNH CƯỚI', 2, 1);
INSERT INTO `loaitin` VALUES (3, 'ÁO CƯỚI', 3, 1);
INSERT INTO `loaitin` VALUES (4, 'BẢNG GIÁ', 4, 1);
INSERT INTO `loaitin` VALUES (5, 'VIDEO NGOẠI CẢNH', 5, 1);
INSERT INTO `loaitin` VALUES (6, 'KHUYẾN MÃI', 7, 1);
INSERT INTO `loaitin` VALUES (7, 'ĐỊA ĐIỂM CHỤP HÌNH', 8, 1);
INSERT INTO `loaitin` VALUES (8, 'CẨM NANG ĐỐI TÁC', 9, 1);
INSERT INTO `loaitin` VALUES (9, 'LIÊN HỆ', 10, 1);
INSERT INTO `loaitin` VALUES (10, 'TIN TỨC CƯỚI', 6, 1);

-- --------------------------------------------------------

-- 
-- Table structure for table `nguoidung`
-- 

CREATE TABLE `nguoidung` (
  `idnguoidung` int(11) NOT NULL,
  `tendangnhap` varchar(50) NOT NULL,
  `matkhau` varchar(50) NOT NULL,
  `email` varchar(50) NOT NULL,
  `dienthoai` varchar(15) NOT NULL,
  PRIMARY KEY  (`idnguoidung`)
) ENGINE=MyISAM DEFAULT CHARSET=utf8;

-- 
-- Dumping data for table `nguoidung`
-- 

INSERT INTO `nguoidung` VALUES (1, 'admin', '12345', 'abc@gmail.com', '01234567891');

-- --------------------------------------------------------

-- 
-- Table structure for table `theloai`
-- 

CREATE TABLE `theloai` (
  `idtheloai` int(11) NOT NULL auto_increment,
  `tentheloai` varchar(50) collate utf8_unicode_ci NOT NULL,
  `tenkhongdau` varchar(50) collate utf8_unicode_ci NOT NULL,
  `thutu` int(11) NOT NULL,
  `vitri` int(11) NOT NULL,
  `idloaitin` int(11) NOT NULL,
  PRIMARY KEY  (`idtheloai`)
) ENGINE=MyISAM  DEFAULT CHARSET=utf8 COLLATE=utf8_unicode_ci AUTO_INCREMENT=17 ;

-- 
-- Dumping data for table `theloai`
-- 

INSERT INTO `theloai` VALUES (1, 'Giới thiệu chung', 'gioi thieu chung', 1, 1, 1);
INSERT INTO `theloai` VALUES (2, 'Liên hệ chụp hình', '', 2, 1, 9);
INSERT INTO `theloai` VALUES (3, 'Hình ảnh sinh hoạt', '', 3, 1, 7);
INSERT INTO `theloai` VALUES (4, 'Sitemap', 'Sitemap', 4, 1, 8);
INSERT INTO `theloai` VALUES (5, 'Ảnh cưới ngoại cảnh', ' ngoai canh', 5, 1, 2);
INSERT INTO `theloai` VALUES (6, 'Chụp ảnh cưới phim trường', '', 6, 1, 2);
INSERT INTO `theloai` VALUES (7, 'Phóng sự cưới', '', 7, 1, 2);
INSERT INTO `theloai` VALUES (9, 'Album chụp tại studio', '', 8, 1, 4);
INSERT INTO `theloai` VALUES (10, 'Áo cưới đẹp', '', 9, 1, 3);
INSERT INTO `theloai` VALUES (11, 'Ảnh cưới trọn gói TP HCM', '', 10, 1, 4);
INSERT INTO `theloai` VALUES (12, 'Album ngoại cảnh xa', '', 11, 1, 4);
INSERT INTO `theloai` VALUES (13, 'May áo cưới chất lượng, uy tín', '', 12, 1, 4);
INSERT INTO `theloai` VALUES (14, 'Ngoại cảnh', 'ng', 13, 1, 5);
INSERT INTO `theloai` VALUES (15, 'Ảnh cưới trọn gói', '', 14, 1, 6);
INSERT INTO `theloai` VALUES (16, 'Tin mới', '', 15, 1, 10);

-- --------------------------------------------------------

-- 
-- Table structure for table `tintuc`
-- 

CREATE TABLE `tintuc` (
  `idtintuc` int(11) NOT NULL auto_increment,
  `tenbaiviet` varchar(50) character set utf8 collate utf8_unicode_ci NOT NULL,
  `anhminhhoa` varchar(50) character set utf8 collate utf8_unicode_ci NOT NULL,
  `tomtat` longtext NOT NULL,
  `noidung` longtext NOT NULL,
  `trangthai` int(11) NOT NULL,
  `idtheloai` int(11) NOT NULL,
  PRIMARY KEY  (`idtintuc`,`idtheloai`)
) ENGINE=MyISAM  DEFAULT CHARSET=utf8 AUTO_INCREMENT=60 ;

-- 
-- Dumping data for table `tintuc`
-- 

INSERT INTO `tintuc` VALUES (13, 'ÁO CHOÀNG CƯỚI DÀNH RIÊNG CHO MÙA LẠNH', 'images/uploads/20151223095925_3.jpg', '												<span style="color: rgb(200, 200, 200); font-family: Tahoma, Geneva, sans-serif; font-size: 14px; line-height: 22px; text-align: justify; background-color: rgb(40, 40, 40);">Nếu như cô dâu mùa hè có thể thỏa sức diện đủ kiểu váy đẹp xinh như váy quây, váy hai dây, váy hở lưng...&nbsp;</span>                                                 ', '												<span style="padding: 0px; outline: none; list-style: none; color: rgb(200, 200, 200); font-family: Tahoma, Geneva, sans-serif; font-size: 14px; font-weight: 600; line-height: 22px; text-align: justify; background-color: rgb(40, 40, 40);">1. Áo choàng voan/ren</span><div><div style="text-align: justify;"><span style="color: rgb(200, 200, 200); font-family: Tahoma, Geneva, sans-serif; line-height: 22px; background-color: rgb(40, 40, 40);">Trong những ngày trời không quá lạnh, bạn có thể lựa chọn cho mình những chiếc áo choàng voan/ren. Nếu bạn là một cô dâu cổ điển và ưa chuộng vẻ cầu kỳ, sang trọng, thì những chiếc bolero - áo khoác lửng, chất liệu ren sẽ là sự lựa chọn hoàn hảo bởi vẻ đài các, kiêu kỳ của nó.&nbsp;</span></div> </div><blockquote style="margin: 0 0 0 40px; border: none; padding: 0px;"><blockquote style="margin: 0 0 0 40px; border: none; padding: 0px;"><blockquote style="margin: 0 0 0 40px; border: none; padding: 0px;"><blockquote style="margin: 0 0 0 40px; border: none; padding: 0px;"><blockquote style="margin: 0 0 0 40px; border: none; padding: 0px;"><blockquote style="margin: 0 0 0 40px; border: none; padding: 0px;"><blockquote style="margin: 0 0 0 40px; border: none; padding: 0px;"><div><div><span style="padding: 0px; outline: none; list-style: none; color: rgb(200, 200, 200); font-family: Tahoma, Geneva, sans-serif; font-size: 14px; font-weight: 600; line-height: 22px; text-align: justify; background-color: rgb(40, 40, 40);"><img src="http://i.imgur.com/pHsb2SZ.jpg" width="359"></span></div></div></blockquote></blockquote></blockquote></blockquote></blockquote></blockquote></blockquote><blockquote style="margin: 0 0 0 40px; border: none; padding: 0px;"><blockquote style="margin: 0 0 0 40px; border: none; padding: 0px;"><blockquote style="margin: 0 0 0 40px; border: none; padding: 0px;"><blockquote style="margin: 0 0 0 40px; border: none; padding: 0px;"><blockquote style="margin: 0 0 0 40px; border: none; padding: 0px;"><blockquote style="margin: 0 0 0 40px; border: none; padding: 0px;"><blockquote style="margin: 0 0 0 40px; border: none; padding: 0px;"><div><div><span style="padding: 0px; outline: none; list-style: none; color: rgb(200, 200, 200); font-family: Tahoma, Geneva, sans-serif; font-size: 14px; font-weight: 600; line-height: 22px; text-align: justify; background-color: rgb(40, 40, 40);"><br></span></div><div><span style="padding: 0px; outline: none; list-style: none; color: rgb(200, 200, 200); font-family: Tahoma, Geneva, sans-serif; font-size: 14px; font-weight: 600; line-height: 22px; text-align: justify; background-color: rgb(40, 40, 40);"><img src="http://i.imgur.com/rRRkfp7.jpg" width="359"></span></div></div><div><span style="padding: 0px; outline: none; list-style: none; color: rgb(200, 200, 200); font-family: Tahoma, Geneva, sans-serif; font-size: 14px; font-weight: 600; line-height: 22px; text-align: justify; background-color: rgb(40, 40, 40);"><br></span></div><div><span style="padding: 0px; outline: none; list-style: none; color: rgb(200, 200, 200); font-family: Tahoma, Geneva, sans-serif; font-size: 14px; font-weight: 600; line-height: 22px; text-align: justify; background-color: rgb(40, 40, 40);"><img src="http://i.imgur.com/B620er3.jpg" width="342"></span></div><div><span style="padding: 0px; outline: none; list-style: none; color: rgb(200, 200, 200); font-family: Tahoma, Geneva, sans-serif; font-size: 14px; font-weight: 600; line-height: 22px; text-align: justify; background-color: rgb(40, 40, 40);"><br></span></div><div><span style="padding: 0px; outline: none; list-style: none; color: rgb(200, 200, 200); font-family: Tahoma, Geneva, sans-serif; font-size: 14px; font-weight: 600; line-height: 22px; text-align: justify; background-color: rgb(40, 40, 40);"><img src="http://i.imgur.com/EahLzwd.jpg" width="342"></span></div><div><span style="padding: 0px; outline: none; list-style: none; color: rgb(200, 200, 200); font-family: Tahoma, Geneva, sans-serif; font-size: 14px; font-weight: 600; line-height: 22px; text-align: justify; background-color: rgb(40, 40, 40);"><br></span></div><div><span style="padding: 0px; outline: none; list-style: none; color: rgb(200, 200, 200); font-family: Tahoma, Geneva, sans-serif; font-size: 14px; font-weight: 600; line-height: 22px; text-align: justify; background-color: rgb(40, 40, 40);"><img src="http://i.imgur.com/Kjjx3Ea.jpg" width="342"></span></div></blockquote></blockquote></blockquote></blockquote></blockquote></blockquote></blockquote>                                    ', 0, 3);
INSERT INTO `tintuc` VALUES (3, '20 MẪU ÁO CƯỚI ĐẸP LỘNG LẪY', 'images/uploads/20151223101708_20.jpg', '						<span style="color: rgb(200, 200, 200); font-family: Tahoma, Geneva, sans-serif; font-size: 14px; line-height: 22px; text-align: justify; background-color: rgb(40, 40, 40);">Không ít cô dâu chi mạnh tay để sở hữu một chiếc&nbsp;</span><span style="padding: 0px; outline: none; list-style: none; color: rgb(200, 200, 200); font-family: Tahoma, Geneva, sans-serif; font-size: 14px; font-weight: 600; line-height: 22px; text-align: justify; background-color: rgb(40, 40, 40);">áo cưới đẹp</span><span style="color: rgb(200, 200, 200); font-family: Tahoma, Geneva, sans-serif; font-size: 14px; line-height: 22px; text-align: justify; background-color: rgb(40, 40, 40);">&nbsp;cầu kỳ, hoành tráng, giúp mình tự tin và tỏa sáng trong đám cưới.</span>                         ', '			<span style="color: rgb(200, 200, 200); font-family: Tahoma, Geneva, sans-serif; line-height: 22px; text-align: justify; background-color: rgb(40, 40, 40);">Không ít cô dâu chi mạnh tay để sở hữu một chiếc&nbsp;</span><span style="padding: 0px; outline: none; list-style: none; color: rgb(200, 200, 200); font-family: Tahoma, Geneva, sans-serif; font-weight: 600; line-height: 22px; text-align: justify; background-color: rgb(40, 40, 40);">áo cưới đẹp</span><span style="color: rgb(200, 200, 200); font-family: Tahoma, Geneva, sans-serif; line-height: 22px; text-align: justify; background-color: rgb(40, 40, 40);">&nbsp;cầu kỳ, hoành tráng, giúp mình tự tin và tỏa sáng trong đám cưới.</span><div><div style="text-align: justify;"><font color="#c8c8c8" face="Tahoma, Geneva, sans-serif"><span style="line-height: 22px;"><br></span></font></div></div><blockquote style="margin: 0 0 0 40px; border: none; padding: 0px;"><blockquote style="margin: 0 0 0 40px; border: none; padding: 0px;"><blockquote style="margin: 0 0 0 40px; border: none; padding: 0px;"><blockquote style="margin: 0 0 0 40px; border: none; padding: 0px;"><blockquote style="margin: 0 0 0 40px; border: none; padding: 0px;"><blockquote style="margin: 0 0 0 40px; border: none; padding: 0px;"><blockquote style="margin: 0 0 0 40px; border: none; padding: 0px;"><div><div><img src="http://i.imgur.com/V2WKFoy.jpg" width="359"></div></div></blockquote><span style="color: rgb(200, 200, 200); font-family: Tahoma, Geneva, sans-serif; line-height: 22px; text-align: center; background-color: rgb(40, 40, 40);">Cô dâu khoe vòng một tròn đầy với váy cưới Pnina Tornai.</span><br><blockquote style="margin: 0 0 0 40px; border: none; padding: 0px;"><div><span style="color: rgb(200, 200, 200); font-family: Tahoma, Geneva, sans-serif; line-height: 22px; text-align: center; background-color: rgb(40, 40, 40);"><br></span></div><div><img src="http://i.imgur.com/kgzTjca.jpg" width="359"></div></blockquote></blockquote><span style="color: rgb(200, 200, 200); font-family: Tahoma, Geneva, sans-serif; line-height: 22px; text-align: center; background-color: rgb(40, 40, 40);">Cô dâu sẽ trở nên cá tính, đặc biệt với màu váy xanh ấn tượng của Stella de Libero.</span><br><blockquote style="margin: 0 0 0 40px; border: none; padding: 0px;"><blockquote style="margin: 0 0 0 40px; border: none; padding: 0px;"><div><span style="color: rgb(200, 200, 200); font-family: Tahoma, Geneva, sans-serif; line-height: 22px; text-align: center; background-color: rgb(40, 40, 40);"><br></span></div><div><img src="http://i.imgur.com/l8V5Fh5.jpg" width="359"></div></blockquote></blockquote></blockquote></blockquote></blockquote><span style="color: rgb(200, 200, 200); font-family: Tahoma, Geneva, sans-serif; line-height: 22px; text-align: center; background-color: rgb(40, 40, 40);">Thương hiệu Oved Cohen tạo ra chiếc váy dựa vào phong cách thời trang của các tiểu thư quý tộc xưa.</span><br><blockquote style="margin: 0 0 0 40px; border: none; padding: 0px;"><blockquote style="margin: 0 0 0 40px; border: none; padding: 0px;"><blockquote style="margin: 0 0 0 40px; border: none; padding: 0px;"><blockquote style="margin: 0 0 0 40px; border: none; padding: 0px;"><blockquote style="margin: 0 0 0 40px; border: none; padding: 0px;"><div><span style="color: rgb(200, 200, 200); font-family: Tahoma, Geneva, sans-serif; line-height: 22px; text-align: center; background-color: rgb(40, 40, 40);"><br></span></div><div><img src="http://i.imgur.com/5E8Mzpc.jpg" width="359"></div></blockquote></blockquote></blockquote></blockquote></blockquote><span style="color: rgb(200, 200, 200); font-family: Tahoma, Geneva, sans-serif; line-height: 22px; text-align: center; background-color: rgb(40, 40, 40);">Bồng bềnh, gợi cảm và tinh khôi là những từ dành để miêu tả mẫu&nbsp;</span><span style="padding: 0px; outline: none; list-style: none; color: rgb(200, 200, 200); font-family: Tahoma, Geneva, sans-serif; font-weight: 600; line-height: 22px; text-align: center; background-color: rgb(40, 40, 40);">áo cưới</span><span style="color: rgb(200, 200, 200); font-family: Tahoma, Geneva, sans-serif; line-height: 22px; text-align: center; background-color: rgb(40, 40, 40);">&nbsp;của Nicole Spose.</span><br></blockquote></blockquote><blockquote style="margin: 0 0 0 40px; border: none; padding: 0px;"><blockquote style="margin: 0 0 0 40px; border: none; padding: 0px;"><blockquote style="margin: 0 0 0 40px; border: none; padding: 0px;"><blockquote style="margin: 0 0 0 40px; border: none; padding: 0px;"><blockquote style="margin: 0 0 0 40px; border: none; padding: 0px;"><blockquote style="margin: 0 0 0 40px; border: none; padding: 0px;"><blockquote style="margin: 0 0 0 40px; border: none; padding: 0px;"><blockquote style="margin: 0 0 0 40px; border: none; padding: 0px;"><div><span style="color: rgb(200, 200, 200); font-family: Tahoma, Geneva, sans-serif; line-height: 22px; text-align: center; background-color: rgb(40, 40, 40);"><br></span></div></blockquote><img src="http://i.imgur.com/004OuOm.jpg" width="359"></blockquote></blockquote></blockquote></blockquote></blockquote></blockquote></blockquote><blockquote style="margin: 0 0 0 40px; border: none; padding: 0px;"><blockquote style="margin: 0 0 0 40px; border: none; padding: 0px;"><blockquote style="margin: 0 0 0 40px; border: none; padding: 0px;"><blockquote style="margin: 0 0 0 40px; border: none; padding: 0px;"><blockquote style="margin: 0 0 0 40px; border: none; padding: 0px;"></blockquote></blockquote></blockquote></blockquote><span style="color: rgb(200, 200, 200); font-family: Tahoma, Geneva, sans-serif; line-height: 22px; text-align: center; background-color: rgb(40, 40, 40);">Bồng bềnh, gợi cảm và tinh khôi là những từ dành để miêu tả mẫu&nbsp;</span><span style="padding: 0px; outline: none; list-style: none; color: rgb(200, 200, 200); font-family: Tahoma, Geneva, sans-serif; font-weight: 600; line-height: 22px; text-align: center; background-color: rgb(40, 40, 40);">áo cưới</span><span style="color: rgb(200, 200, 200); font-family: Tahoma, Geneva, sans-serif; line-height: 22px; text-align: center; background-color: rgb(40, 40, 40);">&nbsp;của Nicole Spose.</span><br></blockquote><blockquote style="margin: 0 0 0 40px; border: none; padding: 0px;"><blockquote style="margin: 0 0 0 40px; border: none; padding: 0px;"><blockquote style="margin: 0 0 0 40px; border: none; padding: 0px;"><blockquote style="margin: 0 0 0 40px; border: none; padding: 0px;"><blockquote style="margin: 0 0 0 40px; border: none; padding: 0px;"><blockquote style="margin: 0 0 0 40px; border: none; padding: 0px;"><blockquote style="margin: 0 0 0 40px; border: none; padding: 0px;"><blockquote style="margin: 0 0 0 40px; border: none; padding: 0px;"><br></blockquote><img src="http://i.imgur.com/fYnkCjk.jpg" width="359"></blockquote></blockquote></blockquote></blockquote></blockquote></blockquote></blockquote><blockquote style="margin: 0 0 0 40px; border: none; padding: 0px;"><blockquote style="margin: 0 0 0 40px; border: none; padding: 0px;"><blockquote style="margin: 0 0 0 40px; border: none; padding: 0px;"><blockquote style="margin: 0 0 0 40px; border: none; padding: 0px;"><blockquote style="margin: 0 0 0 40px; border: none; padding: 0px;"><blockquote style="margin: 0 0 0 40px; border: none; padding: 0px;"></blockquote><blockquote style="margin: 0 0 0 40px; border: none; padding: 0px;"><div><span style="padding: 0px; outline: none; list-style: none; color: rgb(200, 200, 200); font-family: Tahoma, Geneva, sans-serif; font-weight: 600; line-height: 22px; text-align: center; background-color: rgb(40, 40, 40);">Áo cưới</span><span style="color: rgb(200, 200, 200); font-family: Tahoma, Geneva, sans-serif; line-height: 22px; text-align: center; background-color: rgb(40, 40, 40);">&nbsp;đuôi xòe bồng được nhiều cô dâu yêu thích.</span></div></blockquote></blockquote></blockquote></blockquote></blockquote></blockquote><div><div> </div>            </div>            ', 0, 16);
INSERT INTO `tintuc` VALUES (14, 'Ý TƯỞNG CHỤP HÌNH CƯỚI SIÊU LÃNG MẠN', 'images/uploads/20151223103312_y-tuo6ng.jpg', '									<span style="color: rgb(200, 200, 200); font-family: Tahoma, Geneva, sans-serif; font-size: 14px; line-height: 22px; text-align: justify; background-color: rgb(40, 40, 40);">Khi chụp hình cưới, cô dâu chú rể sẽ không ngừng trao nhau những cử chỉ âu yếm, ngọt ngào, trong đó không thể thiếu nụ hôn.&nbsp;</span>                                    ', '						<div><p style="padding: 0px 0px 15px; outline: none; list-style: none; color: rgb(200, 200, 200); font-family: Tahoma, Geneva, sans-serif; line-height: 22px; text-align: justify; background-color: rgb(40, 40, 40);">Khi chụp hình cưới, cô dâu chú rể sẽ không ngừng trao nhau những cử chỉ âu yếm, ngọt ngào, trong đó không thể thiếu nụ hôn. Nhiều uyên ương cảm thấy ngại ngần khi phải trao nhau nụ hôn trước mặt người khác, nhưng đây là khoảnh khắc hạnh phúc và tuyệt vời nhất. Để tự tin chụp ảnh, cặp đôi không nên bận tâm tới xung quanh mà chủ yếu hướng về nhau.</p><p style="padding: 0px 0px 15px; outline: none; list-style: none; color: rgb(200, 200, 200); font-family: Tahoma, Geneva, sans-serif; line-height: 22px; text-align: justify; background-color: rgb(40, 40, 40);">Dưới đây là một số ý tưởng chụp hình cưới siêu lãng mạn cho bạn tham khảo:</p></div><blockquote style="margin: 0 0 0 40px; border: none; padding: 0px;"><blockquote style="margin: 0 0 0 40px; border: none; padding: 0px;"><blockquote style="margin: 0 0 0 40px; border: none; padding: 0px;"><blockquote style="margin: 0 0 0 40px; border: none; padding: 0px;"><blockquote style="margin: 0 0 0 40px; border: none; padding: 0px;"><blockquote style="margin: 0 0 0 40px; border: none; padding: 0px;"><div><blockquote style="margin: 0 0 0 40px; border: none; padding: 0px;"><div><img src="http://i.imgur.com/jQpVCiV.jpg" width="359"></div></blockquote></div></blockquote></blockquote></blockquote></blockquote></blockquote></blockquote><blockquote style="margin: 0 0 0 40px; border: none; padding: 0px;"><blockquote style="margin: 0 0 0 40px; border: none; padding: 0px;"><blockquote style="margin: 0 0 0 40px; border: none; padding: 0px;"><blockquote style="margin: 0 0 0 40px; border: none; padding: 0px;"><blockquote style="margin: 0 0 0 40px; border: none; padding: 0px;"><blockquote style="margin: 0 0 0 40px; border: none; padding: 0px;"><blockquote style="margin: 0 0 0 40px; border: none; padding: 0px;"><blockquote style="margin: 0 0 0 40px; border: none; padding: 0px;"><div><span style="color: rgb(200, 200, 200); font-family: Tahoma, Geneva, sans-serif; font-size: 14px; line-height: 22px; text-align: center; background-color: rgb(40, 40, 40);">Cô dâu chú rể rạng rỡ trong ánh nắng.</span></div></blockquote></blockquote></blockquote></blockquote></blockquote></blockquote></blockquote></blockquote><blockquote style="margin: 0 0 0 40px; border: none; padding: 0px;"><blockquote style="margin: 0 0 0 40px; border: none; padding: 0px;"><blockquote style="margin: 0 0 0 40px; border: none; padding: 0px;"><blockquote style="margin: 0 0 0 40px; border: none; padding: 0px;"><blockquote style="margin: 0 0 0 40px; border: none; padding: 0px;"><blockquote style="margin: 0 0 0 40px; border: none; padding: 0px;"><blockquote style="margin: 0 0 0 40px; border: none; padding: 0px;"><div><span style="color: rgb(200, 200, 200); font-family: Tahoma, Geneva, sans-serif; font-size: 14px; line-height: 22px; text-align: center; background-color: rgb(40, 40, 40);"><br></span></div></blockquote></blockquote></blockquote></blockquote></blockquote></blockquote></blockquote><blockquote style="margin: 0 0 0 40px; border: none; padding: 0px;"><blockquote style="margin: 0 0 0 40px; border: none; padding: 0px;"><blockquote style="margin: 0 0 0 40px; border: none; padding: 0px;"><blockquote style="margin: 0 0 0 40px; border: none; padding: 0px;"><blockquote style="margin: 0 0 0 40px; border: none; padding: 0px;"><blockquote style="margin: 0 0 0 40px; border: none; padding: 0px;"><div><blockquote style="margin: 0 0 0 40px; border: none; padding: 0px;"><div><img src="http://i.imgur.com/hlYwSRb.jpg" width="359"></div></blockquote></div></blockquote></blockquote></blockquote></blockquote></blockquote></blockquote><blockquote style="margin: 0 0 0 40px; border: none; padding: 0px;"><blockquote style="margin: 0 0 0 40px; border: none; padding: 0px;"><blockquote style="margin: 0 0 0 40px; border: none; padding: 0px;"><blockquote style="margin: 0 0 0 40px; border: none; padding: 0px;"><blockquote style="margin: 0 0 0 40px; border: none; padding: 0px;"><div><span style="color: rgb(200, 200, 200); font-family: Tahoma, Geneva, sans-serif; font-size: 14px; line-height: 22px; text-align: center; background-color: rgb(40, 40, 40);">Ảnh đen trắng ghi lại những khoảnh khắc đáng nhớ, tạo dấu ấn riêng cho album cưới.</span></div></blockquote></blockquote></blockquote></blockquote></blockquote><blockquote style="margin: 0 0 0 40px; border: none; padding: 0px;"><blockquote style="margin: 0 0 0 40px; border: none; padding: 0px;"><blockquote style="margin: 0 0 0 40px; border: none; padding: 0px;"><div><span style="color: rgb(200, 200, 200); font-family: Tahoma, Geneva, sans-serif; font-size: 14px; line-height: 22px; text-align: center; background-color: rgb(40, 40, 40);"><br></span></div></blockquote></blockquote></blockquote><blockquote style="margin: 0 0 0 40px; border: none; padding: 0px;"><blockquote style="margin: 0 0 0 40px; border: none; padding: 0px;"><blockquote style="margin: 0 0 0 40px; border: none; padding: 0px;"><blockquote style="margin: 0 0 0 40px; border: none; padding: 0px;"><blockquote style="margin: 0 0 0 40px; border: none; padding: 0px;"><blockquote style="margin: 0 0 0 40px; border: none; padding: 0px;"><blockquote style="margin: 0 0 0 40px; border: none; padding: 0px;"><div><img src="http://i.imgur.com/Fy9POss.jpg" width="342"></div></blockquote></blockquote></blockquote></blockquote></blockquote></blockquote></blockquote><blockquote style="margin: 0 0 0 40px; border: none; padding: 0px;"><blockquote style="margin: 0 0 0 40px; border: none; padding: 0px;"><blockquote style="margin: 0 0 0 40px; border: none; padding: 0px;"><blockquote style="margin: 0 0 0 40px; border: none; padding: 0px;"><blockquote style="margin: 0 0 0 40px; border: none; padding: 0px;"><blockquote style="margin: 0 0 0 40px; border: none; padding: 0px;"><blockquote style="margin: 0 0 0 40px; border: none; padding: 0px;"><div><span style="color: rgb(200, 200, 200); font-family: Tahoma, Geneva, sans-serif; line-height: 22px; text-align: center; background-color: rgb(40, 40, 40);">Bức ảnh cận cảnh ngọt ngào của cô dâu chú rể.</span></div></blockquote></blockquote></blockquote></blockquote></blockquote></blockquote></blockquote><blockquote style="margin: 0 0 0 40px; border: none; padding: 0px;"><blockquote style="margin: 0 0 0 40px; border: none; padding: 0px;"><blockquote style="margin: 0 0 0 40px; border: none; padding: 0px;"><blockquote style="margin: 0 0 0 40px; border: none; padding: 0px;"><blockquote style="margin: 0 0 0 40px; border: none; padding: 0px;"><div><span style="color: rgb(200, 200, 200); font-family: Tahoma, Geneva, sans-serif; line-height: 22px; text-align: center; background-color: rgb(40, 40, 40);"><br></span></div></blockquote></blockquote></blockquote></blockquote></blockquote><blockquote style="margin: 0 0 0 40px; border: none; padding: 0px;"><blockquote style="margin: 0 0 0 40px; border: none; padding: 0px;"><blockquote style="margin: 0 0 0 40px; border: none; padding: 0px;"><blockquote style="margin: 0 0 0 40px; border: none; padding: 0px;"><blockquote style="margin: 0 0 0 40px; border: none; padding: 0px;"><blockquote style="margin: 0 0 0 40px; border: none; padding: 0px;"><blockquote style="margin: 0 0 0 40px; border: none; padding: 0px;"><div><img src="http://i.imgur.com/CtvlsIF.jpg" width="342"></div></blockquote></blockquote></blockquote></blockquote></blockquote></blockquote></blockquote><blockquote style="margin: 0 0 0 40px; border: none; padding: 0px;"><blockquote style="margin: 0 0 0 40px; border: none; padding: 0px;"><blockquote style="margin: 0 0 0 40px; border: none; padding: 0px;"><blockquote style="margin: 0 0 0 40px; border: none; padding: 0px;"><blockquote style="margin: 0 0 0 40px; border: none; padding: 0px;"><div><br></div></blockquote></blockquote></blockquote></blockquote></blockquote><blockquote style="margin: 0 0 0 40px; border: none; padding: 0px;"><blockquote style="margin: 0 0 0 40px; border: none; padding: 0px;"><blockquote style="margin: 0 0 0 40px; border: none; padding: 0px;"><blockquote style="margin: 0 0 0 40px; border: none; padding: 0px;"><blockquote style="margin: 0 0 0 40px; border: none; padding: 0px;"><blockquote style="margin: 0 0 0 40px; border: none; padding: 0px;"><div><span style="color: rgb(200, 200, 200); font-family: Tahoma, Geneva, sans-serif; line-height: 22px; text-align: center; background-color: rgb(40, 40, 40);">Trời mưa càng làm không khí bộ ảnh cưới thêm lãng mạn.</span></div></blockquote></blockquote></blockquote></blockquote></blockquote></blockquote>                                    ', 0, 10);
INSERT INTO `tintuc` VALUES (12, 'VÁY CƯỚI REN CHO CÔ DÂU GẦY', 'images/uploads/20151223111817_t142441.jpg', '									<span style="color: rgb(200, 200, 200); font-family: Tahoma, Geneva, sans-serif; font-size: 14px; line-height: 22px; text-align: justify; background-color: rgb(40, 40, 40);">Lấy cảm hứng từ thiên nhiên, nhà thiết kế nổi tiếng Raimon Bundó đã cho ra đời các mẫu thiết kế váy cưới nhẹ nhàng cho mùa xuân 2015.</span>                                     ', '						<div><span style="color: rgb(200, 200, 200); font-family: Tahoma, Geneva, sans-serif; line-height: 22px; text-align: justify; background-color: rgb(40, 40, 40);">Khi chụp hình cưới, cô dâu chú rể sẽ không ngừng trao nhau những cử chỉ âu yếm, ngọt ngào, trong đó không thể thiếu nụ hôn. Nhiều uyên ương cảm thấy ngại ngần khi phải trao nhau nụ hôn trước mặt người khác, nhưng đây là khoảnh khắc hạnh phúc và tuyệt vời nhất. Để tự tin chụp ảnh, cặp đôi không nên bận tâm tới xung quanh mà chủ yếu hướng về nhau.</span></div><div><span style="color: rgb(200, 200, 200); font-family: Tahoma, Geneva, sans-serif; line-height: 22px; text-align: justify; background-color: rgb(40, 40, 40);"><br></span></div><blockquote style="margin: 0 0 0 40px; border: none; padding: 0px;"><blockquote style="margin: 0 0 0 40px; border: none; padding: 0px;"><blockquote style="margin: 0 0 0 40px; border: none; padding: 0px;"><blockquote style="margin: 0 0 0 40px; border: none; padding: 0px;"><blockquote style="margin: 0 0 0 40px; border: none; padding: 0px;"><blockquote style="margin: 0 0 0 40px; border: none; padding: 0px;"><div><blockquote style="margin: 0 0 0 40px; border: none; padding: 0px;"><div><img src="http://i.imgur.com/A177JTp.jpg" width="359"></div><div><br></div><div><img src="http://i.imgur.com/ZmoeE6J.jpg" width="359"></div></blockquote></div></blockquote></blockquote></blockquote></blockquote></blockquote></blockquote><blockquote style="margin: 0 0 0 40px; border: none; padding: 0px;"><blockquote style="margin: 0 0 0 40px; border: none; padding: 0px;"><blockquote style="margin: 0 0 0 40px; border: none; padding: 0px;"><blockquote style="margin: 0 0 0 40px; border: none; padding: 0px;"><blockquote style="margin: 0 0 0 40px; border: none; padding: 0px;"><blockquote style="margin: 0 0 0 40px; border: none; padding: 0px;"><blockquote style="margin: 0 0 0 40px; border: none; padding: 0px;"><blockquote style="margin: 0 0 0 40px; border: none; padding: 0px;"><div><div><span style="color: rgb(200, 200, 200); font-family: Tahoma, Geneva, sans-serif; line-height: 22px; text-align: center; background-color: rgb(40, 40, 40);">Cô dâu chú rể rạng rỡ trong ánh nắng.</span></div></div></blockquote></blockquote></blockquote></blockquote></blockquote></blockquote></blockquote></blockquote><blockquote style="margin: 0 0 0 40px; border: none; padding: 0px;"><blockquote style="margin: 0 0 0 40px; border: none; padding: 0px;"><blockquote style="margin: 0 0 0 40px; border: none; padding: 0px;"><blockquote style="margin: 0 0 0 40px; border: none; padding: 0px;"><blockquote style="margin: 0 0 0 40px; border: none; padding: 0px;"><blockquote style="margin: 0 0 0 40px; border: none; padding: 0px;"><blockquote style="margin: 0 0 0 40px; border: none; padding: 0px;"><div><br></div></blockquote></blockquote></blockquote></blockquote></blockquote></blockquote></blockquote><blockquote style="margin: 0 0 0 40px; border: none; padding: 0px;"><blockquote style="margin: 0 0 0 40px; border: none; padding: 0px;"><blockquote style="margin: 0 0 0 40px; border: none; padding: 0px;"><blockquote style="margin: 0 0 0 40px; border: none; padding: 0px;"><blockquote style="margin: 0 0 0 40px; border: none; padding: 0px;"><blockquote style="margin: 0 0 0 40px; border: none; padding: 0px;"><blockquote style="margin: 0 0 0 40px; border: none; padding: 0px;"><img src="http://i.imgur.com/9bDfU0n.jpg" width="342"></blockquote><blockquote style="margin: 0 0 0 40px; border: none; padding: 0px;"><br></blockquote></blockquote></blockquote><span style="color: rgb(200, 200, 200); font-family: Tahoma, Geneva, sans-serif; line-height: 22px; text-align: center; background-color: rgb(40, 40, 40);">Chụp ảnh cưới ở hồ bơi hay biển là lựa chọn khá phổ biến của các uyên ương.</span><br><blockquote style="margin: 0 0 0 40px; border: none; padding: 0px;"><blockquote style="margin: 0 0 0 40px; border: none; padding: 0px;"><blockquote style="margin: 0 0 0 40px; border: none; padding: 0px;"><span style="color: rgb(200, 200, 200); font-family: Tahoma, Geneva, sans-serif; line-height: 22px; text-align: center; background-color: rgb(40, 40, 40);"><br></span></blockquote><blockquote style="margin: 0 0 0 40px; border: none; padding: 0px;"><img src="http://i.imgur.com/a1VnEv9.jpg" width="342"></blockquote></blockquote></blockquote></blockquote></blockquote></blockquote></blockquote><blockquote style="margin: 0 0 0 40px; border: none; padding: 0px;"><blockquote style="margin: 0 0 0 40px; border: none; padding: 0px;"><blockquote style="margin: 0 0 0 40px; border: none; padding: 0px;"><blockquote style="margin: 0 0 0 40px; border: none; padding: 0px;"><blockquote style="margin: 0 0 0 40px; border: none; padding: 0px;"><blockquote style="margin: 0 0 0 40px; border: none; padding: 0px;"><blockquote style="margin: 0 0 0 40px; border: none; padding: 0px;"><blockquote style="margin: 0 0 0 40px; border: none; padding: 0px;"><blockquote style="margin: 0 0 0 40px; border: none; padding: 0px;"><span style="color: rgb(200, 200, 200); font-family: Tahoma, Geneva, sans-serif; line-height: 22px; text-align: center; background-color: rgb(40, 40, 40);">Trời mưa càng làm không khí bộ ảnh cưới thêm lãng mạn.</span></blockquote></blockquote></blockquote></blockquote></blockquote></blockquote></blockquote></blockquote></blockquote><blockquote style="margin: 0 0 0 40px; border: none; padding: 0px;"><blockquote style="margin: 0 0 0 40px; border: none; padding: 0px;"><blockquote style="margin: 0 0 0 40px; border: none; padding: 0px;"><blockquote style="margin: 0 0 0 40px; border: none; padding: 0px;"><blockquote style="margin: 0 0 0 40px; border: none; padding: 0px;"><blockquote style="margin: 0 0 0 40px; border: none; padding: 0px;"><blockquote style="margin: 0 0 0 40px; border: none; padding: 0px;"><blockquote style="margin: 0 0 0 40px; border: none; padding: 0px;"><blockquote style="margin: 0 0 0 40px; border: none; padding: 0px;"><div><br></div><div><span style="color: rgb(200, 200, 200); font-family: Tahoma, Geneva, sans-serif; line-height: 22px; text-align: center; background-color: rgb(40, 40, 40);"><br></span></div></blockquote></blockquote></blockquote></blockquote></blockquote></blockquote></blockquote></blockquote></blockquote>                                    ', 0, 10);
INSERT INTO `tintuc` VALUES (11, 'GAM MÀU VÁY CƯỚI CHO NĂM 2015', 'images/uploads/20151223112442_giac-mo-hong-3.jpg', '									<span style="color: rgb(200, 200, 200); font-family: Tahoma, Geneva, sans-serif; font-size: 14px; line-height: 22px; text-align: justify; background-color: rgb(40, 40, 40);">Hiện nay các nhà thiết kế ngày càng quan tâm tới việc sử dụng hiệu ứng màu sắc trên váy cưới nhằm tạo nên thiết kế độc đáo, phù hợp với cá tính của cô dâu hiện đại.</span>                                     ', '						<div><span style="color: rgb(200, 200, 200); font-family: Tahoma, Geneva, sans-serif; line-height: 22px; text-align: justify; background-color: rgb(40, 40, 40);">Hiện nay các nhà thiết kế ngày càng quan tâm tới việc sử dụng hiệu ứng màu sắc trên váy cưới nhằm tạo nên thiết kế độc đáo, phù hợp với cá tính của cô dâu hiện đại. Những mẫu váy cưới mang sắc màu dịu nhẹ được nhiều cô dâu yêu thích, vì thích hợp với nhiều màu da, đồng thời không quá chói lọi mà vẫn tạo nên sự đặc biệt, lộng lẫy. Các màu sắc trẻ trung, ngọt ngào này hoàn toàn phù hợp cho đám cưới năm tới.</span></div><div><span style="color: rgb(200, 200, 200); font-family: Tahoma, Geneva, sans-serif; line-height: 22px; text-align: justify; background-color: rgb(40, 40, 40);"><br></span></div>			<blockquote style="margin: 0 0 0 40px; border: none; padding: 0px;"><blockquote style="margin: 0 0 0 40px; border: none; padding: 0px;"><blockquote style="margin: 0 0 0 40px; border: none; padding: 0px;"><blockquote style="margin: 0 0 0 40px; border: none; padding: 0px;"><blockquote style="margin: 0 0 0 40px; border: none; padding: 0px;"><blockquote style="margin: 0 0 0 40px; border: none; padding: 0px;"><blockquote style="margin: 0 0 0 40px; border: none; padding: 0px;"><blockquote style="margin: 0 0 0 40px; border: none; padding: 0px;"><img src="http://i.imgur.com/6JQOjum.jpg" width="359"></blockquote></blockquote></blockquote><span style="color: rgb(200, 200, 200); font-family: Tahoma, Geneva, sans-serif; line-height: 22px; text-align: center; background-color: rgb(40, 40, 40);">Màu xanh nhẹ nhàng gợi liên tưởng tới biển, tạo sự bình yên nhưng vẫn ấn tượng.</span></blockquote></blockquote></blockquote></blockquote></blockquote><div> </div><blockquote style="margin: 0 0 0 40px; border: none; padding: 0px;"><blockquote style="margin: 0 0 0 40px; border: none; padding: 0px;"><blockquote style="margin: 0 0 0 40px; border: none; padding: 0px;"><blockquote style="margin: 0 0 0 40px; border: none; padding: 0px;"><blockquote style="margin: 0 0 0 40px; border: none; padding: 0px;"><blockquote style="margin: 0 0 0 40px; border: none; padding: 0px;"><blockquote style="margin: 0 0 0 40px; border: none; padding: 0px;"><div><blockquote style="margin: 0 0 0 40px; border: none; padding: 0px;"><div><img src="http://i.imgur.com/UfGTN5l.jpg" width="359"></div></blockquote></div></blockquote></blockquote></blockquote></blockquote></blockquote></blockquote></blockquote><blockquote style="margin: 0 0 0 40px; border: none; padding: 0px;"><blockquote style="margin: 0 0 0 40px; border: none; padding: 0px;"><blockquote style="margin: 0 0 0 40px; border: none; padding: 0px;"><blockquote style="margin: 0 0 0 40px; border: none; padding: 0px;"><div><span style="color: rgb(200, 200, 200); font-family: Tahoma, Geneva, sans-serif; font-size: 14px; line-height: 22px; text-align: center; background-color: rgb(40, 40, 40);">Có nhiều sắc xanh nhạt để lựa chọn cho váy cưới, từ màu xanh ghi xám, tới xanh bạc hà hay xanh ngọc...</span></div></blockquote></blockquote></blockquote></blockquote><blockquote style="margin: 0 0 0 40px; border: none; padding: 0px;"><blockquote style="margin: 0 0 0 40px; border: none; padding: 0px;"><div><span style="color: rgb(200, 200, 200); font-family: Tahoma, Geneva, sans-serif; font-size: 14px; line-height: 22px; text-align: center; background-color: rgb(40, 40, 40);"><br></span></div></blockquote></blockquote><blockquote style="margin: 0 0 0 40px; border: none; padding: 0px;"><blockquote style="margin: 0 0 0 40px; border: none; padding: 0px;"><blockquote style="margin: 0 0 0 40px; border: none; padding: 0px;"><blockquote style="margin: 0 0 0 40px; border: none; padding: 0px;"><blockquote style="margin: 0 0 0 40px; border: none; padding: 0px;"><blockquote style="margin: 0 0 0 40px; border: none; padding: 0px;"><blockquote style="margin: 0 0 0 40px; border: none; padding: 0px;"><blockquote style="margin: 0 0 0 40px; border: none; padding: 0px;"><div><img src="http://i.imgur.com/PWwuscB.jpg" width="342"></div></blockquote></blockquote><span style="color: rgb(200, 200, 200); font-family: Tahoma, Geneva, sans-serif; line-height: 22px; text-align: center; background-color: rgb(40, 40, 40);">Cô dâu sẽ lộng lẫy như công chúa khi diện chiếc váy cưới màu hồng bồng bềnh.</span></blockquote></blockquote></blockquote></blockquote></blockquote></blockquote>                                    ', 0, 10);
INSERT INTO `tintuc` VALUES (1, 'ÁO CƯỚI VIỆT ĐĂNG - TẦM NHÌN, SỨ MỆNH', 'images/uploads/_rac.jpg', '<span style="color: rgb(200, 200, 200); font-family: Tahoma, Geneva, sans-serif; line-height: 22px; text-align: justify; background-color: rgb(40, 40, 40);">Sau nhiều năm tham gia thiết kế, may và hoạt động thương mại trong ngành áo cưới, nhận thấy ngành áo cưới Việt Nam không chú trọng vào thiết kế, một số sản phẩm có giá quá cao so với giá trị thực, khách hàng không có nhiều lựa chọn tại các studo áo cưới.</span> ', '<p style="padding: 0px 0px 15px; outline: none; list-style: none; color: rgb(200, 200, 200); font-family: Tahoma, Geneva, sans-serif; line-height: 22px; text-align: justify; background-color: rgb(40, 40, 40);">Đó là những trăn trở của đội ngũ quản lý thương hiệu&nbsp;<a href="http://www.aocuoi.vn/" style="padding: 2px 4px 3px; outline: none; list-style: none; text-decoration: none; color: rgb(255, 255, 255); transition: all 0.2s; box-shadow: rgba(0, 0, 0, 0.4) 0px 0px 7px; text-shadow: rgba(0, 0, 0, 0.498039) 1px 1px 2px; border-radius: 10px;">Áo Cưới Việt Đăng.</a></p><p style="padding: 0px 0px 15px; outline: none; list-style: none; color: rgb(200, 200, 200); font-family: Tahoma, Geneva, sans-serif; line-height: 22px; text-align: justify; background-color: rgb(40, 40, 40);"><span style="padding: 0px; outline: none; list-style: none; font-weight: 600;">Tầm Nhìn:</span></p><p style="padding: 0px 0px 15px; outline: none; list-style: none; color: rgb(200, 200, 200); font-family: Tahoma, Geneva, sans-serif; line-height: 22px; text-align: justify; background-color: rgb(40, 40, 40);">Việt Đăng định hướng trở thành nhà cung cấp áo cưới hàng đầu tại Việt Nam. Những mẫu áo cưới đẹp có chất lượng sẽ đến tận tay khách hàng.</p><p style="padding: 0px 0px 15px; outline: none; list-style: none; color: rgb(200, 200, 200); font-family: Tahoma, Geneva, sans-serif; line-height: 22px; text-align: justify; background-color: rgb(40, 40, 40);"><span style="padding: 0px; outline: none; list-style: none; font-weight: 600;">Sứ Mệnh:</span></p><p style="padding: 0px 0px 15px; outline: none; list-style: none; color: rgb(200, 200, 200); font-family: Tahoma, Geneva, sans-serif; line-height: 22px; text-align: justify; background-color: rgb(40, 40, 40);"><a href="https://plus.google.com/+VoVietDang" style="padding: 2px 4px 3px; outline: none; list-style: none; text-decoration: none; color: rgb(255, 255, 255); transition: all 0.2s; box-shadow: rgba(0, 0, 0, 0.4) 0px 0px 7px; text-shadow: rgba(0, 0, 0, 0.498039) 1px 1px 2px; border-radius: 10px;">Việt Đăng</a>&nbsp;cung cấp cho cô dâu Việt Nam những sản phẩm áo cưới thời trang chất lượng cao theo tiêu chuẩn quốc tế, mẫu mã đa dạng, tinh tế với mức giá dễ chịu dành cho người Việt Nam.</p><p style="padding: 0px 0px 15px; outline: none; list-style: none; color: rgb(200, 200, 200); font-family: Tahoma, Geneva, sans-serif; line-height: 22px; text-align: justify; background-color: rgb(40, 40, 40);">Áo Cưới Việt Đăng là thương hiệu độc quyền do Cục Sở Hữu Trí Tuệ cấp Tháng 8/2008.</p><p style="padding: 0px 0px 15px; outline: none; list-style: none; color: rgb(200, 200, 200); font-family: Tahoma, Geneva, sans-serif; line-height: 22px; text-align: justify; background-color: rgb(40, 40, 40);">Thương hiệu Áo Cưới Việt Đăng được khẳng định qua những lần Triễn Lãm Áo Cưới thành công trong 7 năm liên tiếp:</p><ul style="padding: 0px 0px 15px; outline: none; list-style: none; color: rgb(200, 200, 200); font-family: Tahoma, Geneva, sans-serif; line-height: 22px; text-align: justify; background-color: rgb(40, 40, 40);"><li style="margin-left: 15px; padding: 0px 0px 0px 5px; outline: none; list-style: square;">Royal Wedding Fair 2010 - 2011 - 2012 - 2013 - 2014</li><li style="margin-left: 15px; padding: 0px 0px 0px 5px; outline: none; list-style: square;">Triễn Lãm Áo Cưới đẹp Phú Thọ 2007 - 2008 - 2009</li><li style="margin-left: 15px; padding: 0px 0px 0px 5px; outline: none; list-style: square;">Ngày Hội Lứa Đôi 2009 - 2010 - 2011 (Báo Mỹ Thuật tổ chức)</li><li style="margin-left: 15px; padding: 0px 0px 0px 5px; outline: none; list-style: square;">Wedding Gala 2009 - 2010 (Khách Sạn New World)</li><li style="margin-left: 15px; padding: 0px 0px 0px 5px; outline: none; list-style: square;">Tuần Lễ Thời Trang Cưới (Khách Sạn Sheraton)</li><li style="margin-left: 15px; padding: 0px 0px 0px 5px; outline: none; list-style: square;">Thời trang A+ (Khách Sạn Amara)</li></ul><p style="padding: 0px 0px 15px; outline: none; list-style: none; color: rgb(200, 200, 200); font-family: Tahoma, Geneva, sans-serif; line-height: 22px; text-align: justify; background-color: rgb(40, 40, 40);"><i style="padding: 0px; outline: none; list-style: none;">Studio Áo Cưới Việt Đăng là sự phối hợp tuyệt vời của các nhóm làm việc chuyên nghiệp nhất... Bạn sẽ hài lòng vì chất lượng Chúng tôi tự hào vì đẳng cấp.</i></p> ', 1, 1);
INSERT INTO `tintuc` VALUES (9, 'Liên hệ', '', '															<blockquote style="margin: 0 0 0 40px; border: none; padding: 0px;"><font color="#cccc00">			Áo cưới Việt Đăng 1\r\n105 - 107 Bình Phú, Phường 11, Quận 6, TP.HCM&nbsp;</font></blockquote><blockquote style="margin: 0 0 0 40px; border: none; padding: 0px;"><div><font color="#cccc00">&nbsp;Tel: 083 7550 467 - 083 6019 245 |</font></div></blockquote><blockquote style="margin: 0 0 0 40px; border: none; padding: 0px;"><div><font color="#cccc00">&nbsp;Hotline: 0913 742 846            </font></div></blockquote><span style="color: rgb(204, 204, 0);">&nbsp;</span><div><br><blockquote style="margin: 0 0 0 40px; border: none; padding: 0px;"><div><blockquote style="margin-left: 40px; border: none; padding: 0px;"><font color="#cccc00"><br></font></blockquote><blockquote style="margin-left: 40px; border: none; padding: 0px;"><font color="#cccc00"><br></font></blockquote><font color="#cccc00">Áo cưới Việt Đăng 2 136- 136A Đặng Văn Bi,Bình Thọ,.Thủ Đức TP.HCM&nbsp;<br></font></div></blockquote><blockquote style="margin: 0 0 0 40px; border: none; padding: 0px;"><blockquote style="margin: 0 0 0 40px; border: none; padding: 0px;"><div><font color="#cccc00">&nbsp;Tel: 083 7223 294- 083 6019 245 |</font></div><div><span style="color: rgb(204, 204, 0);">Hotline: 0913 742 846</span></div></blockquote></blockquote><blockquote style="margin: 0 0 0 40px; border: none; padding: 0px;"><div><font color="#cccc00"><br></font></div><div><font color="#cccc00"><br></font></div><div><font color="#cccc00"><br></font></div></blockquote>                                    </div>            ', '									<blockquote style="margin: 0 0 0 40px; border: none; padding: 0px;"><font color="#ffffff">									FaceBook: ...                        </font></blockquote>                        ', 1, 2);
INSERT INTO `tintuc` VALUES (2, 'Ảnh cưới ngoại cảnh', 'images/uploads/_a14-3455-1449039659.jpg', ' ', '<blockquote style="margin: 0 0 0 40px; border: none; padding: 0px;"><blockquote style="margin: 0 0 0 40px; border: none; padding: 0px;"><blockquote style="margin: 0 0 0 40px; border: none; padding: 0px;"><blockquote style="margin: 0 0 0 40px; border: none; padding: 0px;"><blockquote style="margin: 0 0 0 40px; border: none; padding: 0px;"><blockquote style="margin: 0 0 0 40px; border: none; padding: 0px;"><blockquote style="margin: 0 0 0 40px; border: none; padding: 0px;"><blockquote style="margin: 0 0 0 40px; border: none; padding: 0px;"><img src="http://i.imgur.com/G0toHuF.jpg" width="359"></blockquote><blockquote style="margin: 0 0 0 40px; border: none; padding: 0px;"><br></blockquote><blockquote style="margin: 0 0 0 40px; border: none; padding: 0px;"><img src="http://i.imgur.com/FSPeicp.jpg" width="359"></blockquote><blockquote style="margin: 0 0 0 40px; border: none; padding: 0px;"><br></blockquote><blockquote style="margin: 0 0 0 40px; border: none; padding: 0px;"><img src="http://i.imgur.com/z10mxHm.jpg" width="359"></blockquote></blockquote></blockquote></blockquote></blockquote></blockquote></blockquote></blockquote> ', 1, 5);
INSERT INTO `tintuc` VALUES (4, 'BẢNG GIÁ', 'images/uploads/20151225020650_12398979_43070267712', '												<h1 class="cap" style="padding: 0px 0px 15px; outline: none; list-style: none; color: rgb(200, 200, 200); font-family: Tahoma, Geneva, sans-serif; font-size: 23px; font-weight: normal; text-transform: uppercase; background-color: rgb(40, 40, 40);">ALBUM CHỤP TẠI STUDIO</h1>                                                 ', '			<p style="padding: 0px 0px 15px; outline: none; list-style: none; color: rgb(200, 200, 200); font-family: Tahoma, Geneva, sans-serif; line-height: 22px; text-align: center; background-color: rgb(40, 40, 40);">&nbsp;</p><table border="1" width="900" style="margin-bottom: 15px; padding: 0px; outline: none; list-style: none; color: rgb(200, 200, 200); font-family: Tahoma, Geneva, sans-serif; border-collapse: collapse; background: none rgb(40, 40, 40);"><tbody style="padding: 0px; outline: none; list-style: none;"><tr style="padding: 0px; outline: none; list-style: none;"><td align="center" colspan="2" style="padding: 8px 10px; outline: none; list-style: none; border: 1px solid rgb(85, 85, 85);">DỊCH VỤ LẺ&nbsp; Tặng Album khổ 9x12</td></tr><tr style="padding: 0px; outline: none; list-style: none;"><td align="center" width="340" style="padding: 8px 10px; outline: none; list-style: none; border: 1px solid rgb(85, 85, 85);">Dịch vụ</td><td align="center" width="317" style="padding: 8px 10px; outline: none; list-style: none; border: 1px solid rgb(85, 85, 85);">Giá chưa giảm</td></tr><tr style="padding: 0px; outline: none; list-style: none;"><td align="center" style="padding: 8px 10px; outline: none; list-style: none; border: 1px solid rgb(85, 85, 85);">Album 20x30 CNM 30 trang</td><td align="center" style="padding: 8px 10px; outline: none; list-style: none; border: 1px solid rgb(85, 85, 85);">4.400.000Đ</td></tr><tr style="padding: 0px; outline: none; list-style: none;"><td align="center" style="padding: 8px 10px; outline: none; list-style: none; border: 1px solid rgb(85, 85, 85);">Album 25x35 CNM 30 trang</td><td align="center" style="padding: 8px 10px; outline: none; list-style: none; border: 1px solid rgb(85, 85, 85);">5.500.000Đ</td></tr><tr style="padding: 0px; outline: none; list-style: none;"><td align="center" style="padding: 8px 10px; outline: none; list-style: none; border: 1px solid rgb(85, 85, 85);">Album 30x30 CNM 30 trang</td><td align="center" style="padding: 8px 10px; outline: none; list-style: none; border: 1px solid rgb(85, 85, 85);">6.000.000Đ</td></tr><tr style="padding: 0px; outline: none; list-style: none;"><td align="center" style="padding: 8px 10px; outline: none; list-style: none; border: 1px solid rgb(85, 85, 85);">Album 30x40 CNM 30 trang</td><td align="center" style="padding: 8px 10px; outline: none; list-style: none; border: 1px solid rgb(85, 85, 85);">7.000.000Đ</td></tr><tr style="padding: 0px; outline: none; list-style: none;"><td align="center" style="padding: 8px 10px; outline: none; list-style: none; border: 1px solid rgb(85, 85, 85);">Album 35x35 CNM 30 trang</td><td align="center" style="padding: 8px 10px; outline: none; list-style: none; border: 1px solid rgb(85, 85, 85);">7.500.000Đ</td></tr><tr style="padding: 0px; outline: none; list-style: none;"><td align="center" style="padding: 8px 10px; outline: none; list-style: none; border: 1px solid rgb(85, 85, 85);">Album 40x40 CNM 30 trang</td><td align="center" style="padding: 8px 10px; outline: none; list-style: none; border: 1px solid rgb(85, 85, 85);">8.500.000Đ</td></tr><tr style="padding: 0px; outline: none; list-style: none;"><td align="center" style="padding: 8px 10px; outline: none; list-style: none; border: 1px solid rgb(85, 85, 85);">Quay phim ngày cưới HD chuẩn 1080i<br style="padding: 0px; outline: none; list-style: none;">(màn ảnh rộng LCD 16x9)</td><td align="center" style="padding: 8px 10px; outline: none; list-style: none; border: 1px solid rgb(85, 85, 85);">4.000.000Đ</td></tr><tr style="padding: 0px; outline: none; list-style: none;"><td align="center" style="padding: 8px 10px; outline: none; list-style: none; border: 1px solid rgb(85, 85, 85);">Chụp ảnh tiệc cưới phóng sự</td><td align="center" style="padding: 8px 10px; outline: none; list-style: none; border: 1px solid rgb(85, 85, 85);">4.500.000Đ</td></tr></tbody></table>            ', 1, 9);
INSERT INTO `tintuc` VALUES (5, 'QUAY PHIM NGOẠI CẢNH', 'images/uploads/20151225021954_12398979_43070267712', '																								                                     <div><br></div>                                                            ', '																		<div><a href="&lt;iframe width=" 640"="" height="360" src="https://www.youtube.com/embed/EGIGpIPO_PY" frameborder="0" allowfullscreen=""><iframe width="640" height="360" src="https://www.youtube.com/embed/EGIGpIPO_PY" frameborder="0" allowfullscreen=""></iframe></a></div><div><br></div><div><br></div><div><br></div><div><a href="&lt;iframe width=" 640"="" height="360" src="https://www.youtube.com/embed/E11vX7Lks38" frameborder="0" allowfullscreen=""><iframe width="640" height="360" src="https://www.youtube.com/embed/E11vX7Lks38" frameborder="0" allowfullscreen=""></iframe></a><br></div><div><br></div><div><br></div><div><br></div><div><a href="&lt;iframe width=" 560"="" height="315" src="https://www.youtube.com/embed/hoKCUtqG9gk" frameborder="0" allowfullscreen=""><iframe width="560" height="315" src="https://www.youtube.com/embed/hoKCUtqG9gk" frameborder="0" allowfullscreen=""></iframe></a><br></div>                                                                                                ', 1, 1);
INSERT INTO `tintuc` VALUES (10, 'TIN TỨC CƯỚI', '', '												<h1 class="cap" style="padding: 0px 0px 15px; outline: none; list-style: none; color: rgb(200, 200, 200); font-family: Tahoma, Geneva, sans-serif; font-size: 23px; font-weight: normal; text-transform: uppercase; background-color: rgb(40, 40, 40);">ĐÁM CƯỚI VIỆT CHI 21 TỶ TIỀN HOA TRÊN BÁO TÂY</h1>                                                 ', '												<p class="Normal" style="margin-bottom: 1em; padding: 0px 0px 15px; outline: none; list-style: none; font-family: arial; line-height: 18px; text-align: justify; font-stretch: normal;"><font color="#ffffff" style="background-color: rgb(51, 51, 51);">Mới đây, cựu wedding planner kiêm biên tập viên của một tạp chí cưới tại Australia, Wendy El Khoury đã chia sẻ về những đám cưới xa hoa nhất thế giới. Trong các ví dụ cô chia sẻ trên trên trang&nbsp;<em style="padding: 0px; outline: none; list-style: none; font-family: Tahoma, Geneva, sans-serif;">Metro</em>, Wendy có nhắc tới một đám cưới tại Việt Nam với chi phí trang trí khổng lồ.&nbsp; Wendy tiết lộ: "Karen Tran, florist nổi tiếng đã thiết kế đám cưới cho một cặp đôi người Việt Nam mà trong tiệc, chi phí dành riêng cho hoa đã lên tới 1 triệu USD, tương đương khoảng 21 tỷ đồng".</font></p><p class="Normal" style="margin-bottom: 1em; padding: 0px 0px 15px; outline: none; list-style: none; font-family: arial; line-height: 18px; text-align: justify; font-stretch: normal;"><font color="#ffffff" style="background-color: rgb(51, 51, 51);">Đám cưới này diễn ra vào tháng 3/2014 tại một trong những khách sạn cao cấp nhất của Hà Nội. Tiệc được sắp đặt theo ý tưởng về bữa tiệc Gatsby lộng lẫy, xa hoa. Số lượng hoa tươi sử dụng trong đám cưới có thể lên tới hàng triệu, bởi Karen Tran từng chia sẻ trên trang cá nhân, riêng cổng hoa cho đám cưới này đã tiêu tốn 5.000 bông hồng tươi nở rực rỡ</font></p><blockquote style="margin: 0 0 0 40px; border: none; padding: 0px;"><blockquote style="margin: 0 0 0 40px; border: none; padding: 0px;"><blockquote style="margin: 0 0 0 40px; border: none; padding: 0px;"><p class="Normal" style="margin-bottom: 1em; padding: 0px 0px 15px; outline: none; list-style: none; font-family: arial; line-height: 18px; text-align: justify; font-stretch: normal;"><img src="http://i.imgur.com/ITAlADc.jpg" width="342"></p><p class="Normal" style="margin-bottom: 1em; padding: 0px 0px 15px; outline: none; list-style: none; font-family: arial; line-height: 18px; text-align: justify; font-stretch: normal;"><img src="http://i.imgur.com/JWAXE5S.jpg" width="342"></p><p class="Normal" style="margin-bottom: 1em; padding: 0px 0px 15px; outline: none; list-style: none; font-family: arial; line-height: 18px; text-align: justify; font-stretch: normal;"><img src="http://i.imgur.com/ahnJ0tw.jpg" width="342"></p></blockquote></blockquote></blockquote><p class="Normal" style="margin-bottom: 1em; padding: 0px 0px 15px; outline: none; list-style: none; font-family: arial; line-height: 18px; text-align: justify; font-stretch: normal;"><font color="#ffffff" style="background-color: rgb(0, 0, 0);"><br></font></p><blockquote style="margin: 0 0 0 40px; border: none; padding: 0px;"><blockquote style="margin: 0 0 0 40px; border: none; padding: 0px;"><p></p></blockquote></blockquote>                                                 ', 1, 1);
INSERT INTO `tintuc` VALUES (6, 'KHUYẾN MÃI', '', '			<h1 class="cap" style="padding: 0px 0px 15px; outline: none; list-style: none; color: rgb(200, 200, 200); font-family: Tahoma, Geneva, sans-serif; font-size: 23px; font-weight: normal; text-transform: uppercase; background-color: rgb(40, 40, 40);">ÁO CƯỚI VIỆT ĐĂNG: GIẢM GIÁ SỐC - CƠN LỐC QUÀ TẶNG</h1>             ', '			<p style="padding: 0px 0px 15px; outline: none; list-style: none; color: rgb(200, 200, 200); font-family: Tahoma, Geneva, sans-serif; line-height: 22px; text-align: justify; background-color: rgb(40, 40, 40);">Sau nhiều năm tham gia thiết kế, may và hoạt động thương mại trong ngành áo cưới, Việt Đăng đã cung cấp cho cô dâu Việt Nam những sản phẩm áo cưới thời trang chất lượng cao theo tiêu chuẩn quốc tế, mẫu mã đa dạng, tinh tế với mức giá dễ chịu dành cho người Việt Nam.</p><p style="padding: 0px 0px 15px; outline: none; list-style: none; color: rgb(200, 200, 200); font-family: Tahoma, Geneva, sans-serif; line-height: 22px; text-align: justify; background-color: rgb(40, 40, 40);">Áo Cưới Việt Đăng là thương hiệu độc quyền do Cục Sở Hữu Trí Tuệ cấp Tháng 8/2008. Thương hiệu Áo Cưới Việt Đăng được khẳng định qua những lần Triễn Lãm Áo Cưới thành công trong 7 năm liên tiếp.</p><p style="padding: 0px 0px 15px; outline: none; list-style: none; color: rgb(200, 200, 200); font-family: Tahoma, Geneva, sans-serif; line-height: 22px; text-align: justify; background-color: rgb(40, 40, 40);"></p><p style="padding: 0px 0px 15px; outline: none; list-style: none; color: rgb(200, 200, 200); font-family: Tahoma, Geneva, sans-serif; line-height: 22px; text-align: justify; background-color: rgb(40, 40, 40);"><img src="http://i.imgur.com/9p3zH4B.jpg" width="359"></p><p style="padding: 0px 0px 15px; outline: none; list-style: none; color: rgb(200, 200, 200); font-family: Tahoma, Geneva, sans-serif; line-height: 22px; text-align: justify;"><span style="background-color: rgb(51, 51, 51);"><span style="color: rgb(0, 0, 0); font-family: arial, Helvetica, Tahoma, Geneva, sans-serif; line-height: normal; text-align: start;">Nhân dịp kỷ niệm 10 năm thành lập và để đáp lại sự ủng hộ nhiệt tình của khách hàng trong suốt 10 năm qua, Áo Cưới Việt Đăng có chương trình khuyến mãi đăc biệt cho khách hàng với tên gọi&nbsp;</span><span style="color: rgb(0, 0, 0); font-family: arial, Helvetica, Tahoma, Geneva, sans-serif; line-height: normal; text-align: start; padding: 0px; outline: none; list-style: none; font-weight: 600;">"Giảm giá sốc - Cơn lốc quà tặng"</span><span style="color: rgb(0, 0, 0); font-family: arial, Helvetica, Tahoma, Geneva, sans-serif; line-height: normal; text-align: start;">.</span></span></p><p style="padding: 0px 0px 15px; outline: none; list-style: none;"><br></p><p></p><p style="padding: 0px 0px 15px; outline: none; list-style: none; color: rgb(200, 200, 200); font-family: Tahoma, Geneva, sans-serif; line-height: 22px; text-align: justify; background-color: rgb(40, 40, 40);"><i style="padding: 0px; outline: none; list-style: none;">Hãy liên hệ để trở thành người đầu tiên nhận ngay quà "khủng” nhé:</i></p><p style="padding: 0px 0px 15px; outline: none; list-style: none; color: rgb(200, 200, 200); font-family: Tahoma, Geneva, sans-serif; line-height: 22px; text-align: justify; background-color: rgb(40, 40, 40);"><span style="padding: 0px; outline: none; list-style: none; font-weight: 600;">Áo cưới Việt Đăng 1:</span></p><p style="padding: 0px 0px 15px; outline: none; list-style: none; color: rgb(200, 200, 200); font-family: Tahoma, Geneva, sans-serif; line-height: 22px; text-align: justify; background-color: rgb(40, 40, 40);">105 - 107 Bình Phú, Phường 11, Quận 6, TP.HCM<br style="padding: 0px; outline: none; list-style: none;">Tel: 083 7550 467 - 083 6019 245 | Hotline: 0913 742 846</p><p style="padding: 0px 0px 15px; outline: none; list-style: none; color: rgb(200, 200, 200); font-family: Tahoma, Geneva, sans-serif; line-height: 22px; text-align: justify; background-color: rgb(40, 40, 40);"><span style="padding: 0px; outline: none; list-style: none; font-weight: 600;">Áo cưới Việt Đăng 2:</span></p><p style="padding: 0px 0px 15px; outline: none; list-style: none; color: rgb(200, 200, 200); font-family: Tahoma, Geneva, sans-serif; line-height: 22px; text-align: justify; background-color: rgb(40, 40, 40);">63 Hồ Văn Huê, Phường 9, Quận Phú Nhuận, TP.HCM<br style="padding: 0px; outline: none; list-style: none;">Tel: 086 6742 846 | Hotline: 0913 742 846</p><p style="padding: 0px 0px 15px; outline: none; list-style: none; color: rgb(200, 200, 200); font-family: Tahoma, Geneva, sans-serif; line-height: 22px; text-align: justify; background-color: rgb(40, 40, 40);"><span style="padding: 0px; outline: none; list-style: none; font-weight: 600;">Áo cưới Việt Đăng 3:</span></p><p style="padding: 0px 0px 15px; outline: none; list-style: none; color: rgb(200, 200, 200); font-family: Tahoma, Geneva, sans-serif; line-height: 22px; text-align: justify; background-color: rgb(40, 40, 40);">136 - 136A Đặng Văn Bi, Phường Bình Thọ, Q. Thủ Đức, TP.HCM<br style="padding: 0px; outline: none; list-style: none;">Tel: 083 7223 294 | Hotline: 0913 742 846</p>             ', 1, 15);
INSERT INTO `tintuc` VALUES (7, 'ĐỊA ĐIỂM CHỤP HÌNH', '', '												<div class="pageNav" style="padding: 12px 20px; outline: none; list-style: none; color: rgb(200, 200, 200); font-family: Tahoma, Geneva, sans-serif; background: rgb(30, 30, 30);"><h1 title="Địa điểm chụp hình" style="padding: 0px; outline: none; list-style: none; font-size: 24px; font-weight: normal; float: left; text-transform: uppercase;"><br></h1><h1 class="cap" style="padding: 0px 0px 15px; outline: none; list-style: none; font-size: 23px; font-weight: normal; text-transform: uppercase; background-color: rgb(40, 40, 40);">CHỤP HÌNH CƯỚI NGOẠI CẢNH HỒ CỐC</h1></div>                                                 ', '												<span style="color: rgb(200, 200, 200); font-family: Tahoma, Geneva, sans-serif; line-height: 22px; text-align: justify; background-color: rgb(40, 40, 40);">Là một trong những địa danh được thiên nhiên ưu ái ban tặng những khung cảnh mang vẻ đẹp vừa hoang sơ vừa mộc mạc, Biển Hồ Cốc với hình vòng cung uốn lượn nằm bên cạnh những tán lá xanh của rừng nguyên sinh từ lâu đã trở thành những địa điểm được đông đảo các cặp đôi cô dâu chú rể ưa thích.</span> <div><span style="color: rgb(200, 200, 200); font-family: Tahoma, Geneva, sans-serif; line-height: 22px; text-align: justify; background-color: rgb(40, 40, 40);"><br></span></div><blockquote style="margin: 0 0 0 40px; border: none; padding: 0px;"><br><blockquote style="margin: 0 0 0 40px; border: none; padding: 0px;"><blockquote style="margin: 0 0 0 40px; border: none; padding: 0px;"><img src="http://i.imgur.com/HuTv98j.jpg" width="342"></blockquote><br></blockquote></blockquote><span style="color: rgb(200, 200, 200); font-family: Tahoma, Geneva, sans-serif; line-height: 22px; text-align: justify; background-color: rgb(40, 40, 40);">Vì là vùng đất mới khai thác nên Hồ Cốc vẫn còn khá hoang sơ, nhưng vẻ đẹp sẵn có của nó vẫn làm người ta mê đắm. Nước biển trong xanh, tung bọt trắng xóa khi từng con sóng đua nhau xô vài những bãi đá nằm chắn ngang, khoảnh khắc này trong biển Hồ Cốc như thiên đường mờ ảo dưới từng làn khói mỏng.</span><blockquote style="margin: 0 0 0 40px; border: none; padding: 0px;"><blockquote style="margin: 0 0 0 40px; border: none; padding: 0px;"><blockquote style="margin: 0 0 0 40px; border: none; padding: 0px;"><div><img src="http://i.imgur.com/ydidOfJ.jpg" width="359"></div><div><br></div><div><br></div><div><img src="http://i.imgur.com/BUqiRmb.jpg" width="359"></div><div><br></div></blockquote></blockquote></blockquote><span style="color: rgb(200, 200, 200); font-family: Tahoma, Geneva, sans-serif; line-height: 22px; text-align: justify; background-color: rgb(40, 40, 40);">Những vạt rừng nguyên sinh uốn lượn hình vòng cung bên bờ biển càng làm tăng vẻ hoang sơ nhưng kiêu kỳ của vùng đất này.</span><br><blockquote style="margin: 0 0 0 40px; border: none; padding: 0px;"><blockquote style="margin: 0 0 0 40px; border: none; padding: 0px;"><blockquote style="margin: 0 0 0 40px; border: none; padding: 0px;"><div><img src="http://i.imgur.com/1KfTQCN.jpg"></div><div><br></div></blockquote></blockquote></blockquote><blockquote style="margin: 0 0 0 40px; border: none; padding: 0px;"><blockquote style="margin: 0 0 0 40px; border: none; padding: 0px;"><blockquote style="margin: 0 0 0 40px; border: none; padding: 0px;"><div><br></div><div><br></div><div><img src="http://i.imgur.com/mtU2xO7.jpg"></div></blockquote></blockquote></blockquote>                                                ', 1, 3);
